id;path_in_lt;raw;raw_content_type
1;Wyoming interface Cotton;../fake-data/blob/hipster.png;image/png
2;quantify;../fake-data/blob/hipster.png;image/png
3;JSON Texas;../fake-data/blob/hipster.png;image/png
4;bandwidth;../fake-data/blob/hipster.png;image/png
5;application Configurable iterate;../fake-data/blob/hipster.png;image/png
6;Berkshire navigating;../fake-data/blob/hipster.png;image/png
7;superstructure;../fake-data/blob/hipster.png;image/png
8;streamline;../fake-data/blob/hipster.png;image/png
9;Interactions;../fake-data/blob/hipster.png;image/png
10;Fantastic time-frame Quality;../fake-data/blob/hipster.png;image/png
